timestamp,plate_number,camera_id,location,latitude,longitude,confidence,lane
2026-07-14T06:00:00Z,LHR-2026,CAM-7,Model Town,31.484383,74.321701,0.864,3
2026-07-14T06:07:00Z,ABC-123,CAM-9,North Road,31.560292,74.327779,0.794,3
2026-07-14T06:06:00Z,LEA-447,CAM-12,Gulberg,31.520356,74.35754,0.897,4
2026-07-14T06:27:00Z,KHI-777,CAM-7,North Road,31.557655,74.328968,0.773,1
2026-07-14T06:20:00Z,ABC-123,CAM-7,Gulberg,31.521508,74.35797,0.797,4
2026-07-14T06:15:00Z,XYZ-789,CAM-12,Gulberg,31.521832,74.356927,0.966,4
2026-07-14T06:18:00Z,ABC-123,CAM-9,Gate 4,31.502831,74.352974,0.752,1
2026-07-14T06:28:00Z,ABC-123,CAM-12,Gulberg,31.519392,74.359543,0.973,3
2026-07-14T06:40:00Z,XYZ-789,CAM-7,Gate 4,31.499893,74.35086,0.764,2
2026-07-14T06:27:00Z,LEA-447,CAM-12,Model Town,31.482155,74.323411,0.775,3
2026-07-14T06:30:00Z,ABC-123,CAM-9,Gulberg,31.522091,74.359248,0.756,2
2026-07-14T07:50:00Z,LHR-2026,CAM-9,Gate 4,31.4997,74.350168,0.798,3
2026-07-14T07:24:00Z,LEA-447,CAM-7,DHA Phase 5,31.467942,74.410672,0.956,1
2026-07-14T07:05:00Z,ICT-404,CAM-7,Gulberg,31.521974,74.357244,0.901,3
2026-07-14T06:56:00Z,XYZ-789,CAM-7,North Road,31.557516,74.327763,0.95,1
2026-07-14T07:15:00Z,XYZ-789,CAM-21,DHA Phase 5,31.468716,74.408446,0.792,3
2026-07-14T06:48:00Z,ICT-404,CAM-9,DHA Phase 5,31.468841,74.410395,0.84,2
2026-07-14T08:50:00Z,ABC-123,CAM-12,DHA Phase 5,31.47053,74.410733,0.829,3
2026-07-14T06:36:00Z,ABC-123,CAM-9,Gate 4,31.499709,74.350285,0.874,4
2026-07-14T07:54:00Z,XYZ-789,CAM-9,North Road,31.559301,74.327914,0.836,2
2026-07-14T09:00:00Z,LEA-447,CAM-9,Gulberg,31.520891,74.359436,0.902,3
2026-07-14T08:27:00Z,XYZ-789,CAM-7,DHA Phase 5,31.469548,74.411565,0.769,4
2026-07-14T08:34:00Z,LHR-2026,CAM-21,Gulberg,31.520024,74.358649,0.983,4
2026-07-14T07:55:00Z,XYZ-789,CAM-12,Gulberg,31.519166,74.358918,0.887,2
2026-07-14T09:12:00Z,LHR-2026,CAM-21,Model Town,31.483154,74.324225,0.865,3
2026-07-14T08:05:00Z,XYZ-789,CAM-12,North Road,31.558171,74.328775,0.978,3
2026-07-14T09:02:00Z,KHI-777,CAM-12,Gate 4,31.502962,74.350857,0.835,2
2026-07-14T08:42:00Z,XYZ-789,CAM-7,North Road,31.558815,74.328448,0.831,2
2026-07-14T07:52:00Z,ABC-123,CAM-7,Gate 4,31.50074,74.352979,0.867,3
2026-07-14T08:25:00Z,ABC-123,CAM-21,Gate 4,31.499863,74.350001,0.851,4
2026-07-14T11:00:00Z,ABC-123,CAM-9,Gulberg,31.51855,74.35941,0.794,2
2026-07-14T09:06:00Z,KHI-777,CAM-21,Gulberg,31.518595,74.35998,0.979,3
2026-07-14T11:20:00Z,ICT-404,CAM-21,Model Town,31.481652,74.321204,0.864,2
2026-07-14T09:18:00Z,ABC-123,CAM-7,Gulberg,31.522053,74.360205,0.888,4
2026-07-14T09:58:00Z,XYZ-789,CAM-7,Model Town,31.481524,74.323001,0.896,3
2026-07-14T08:55:00Z,KHI-777,CAM-7,Model Town,31.483465,74.324375,0.862,4
2026-07-14T12:36:00Z,ABC-123,CAM-7,DHA Phase 5,31.467707,74.409289,0.969,1
2026-07-14T07:51:00Z,XYZ-789,CAM-12,Gulberg,31.519104,74.357342,0.961,2
2026-07-14T09:48:00Z,KHI-777,CAM-7,Gate 4,31.500851,74.351892,0.98,4
2026-07-14T07:57:00Z,XYZ-789,CAM-7,Gulberg,31.51998,74.360695,0.942,4
2026-07-14T10:00:00Z,LEA-447,CAM-9,North Road,31.557657,74.327815,0.877,2
2026-07-14T13:31:00Z,XYZ-789,CAM-12,DHA Phase 5,31.468555,74.410321,0.742,1
2026-07-14T12:18:00Z,KHI-777,CAM-9,Model Town,31.484947,74.323294,0.889,1
2026-07-14T11:01:00Z,ABC-123,CAM-21,Model Town,31.481323,74.32275,0.899,4
2026-07-14T14:04:00Z,ABC-123,CAM-9,North Road,31.559057,74.328483,0.875,1
2026-07-14T11:15:00Z,KHI-777,CAM-12,North Road,31.559171,74.326333,0.925,4
2026-07-14T12:08:00Z,ICT-404,CAM-7,North Road,31.558853,74.325599,0.94,2
2026-07-14T12:16:00Z,KHI-777,CAM-7,Model Town,31.484302,74.322231,0.863,2
2026-07-14T10:48:00Z,XYZ-789,CAM-12,Gulberg,31.518639,74.360076,0.783,2
2026-07-14T14:59:00Z,XYZ-789,CAM-7,Model Town,31.481554,74.321634,0.817,3
2026-07-14T11:00:00Z,LHR-2026,CAM-12,Gulberg,31.522104,74.358435,0.889,4
2026-07-14T08:33:00Z,KHI-777,CAM-9,Gulberg,31.52076,74.358249,0.969,2
2026-07-14T12:04:00Z,ABC-123,CAM-21,DHA Phase 5,31.468815,74.410327,0.941,2
2026-07-14T10:25:00Z,LHR-2026,CAM-12,Gulberg,31.520865,74.357797,0.85,4
2026-07-14T15:54:00Z,XYZ-789,CAM-21,DHA Phase 5,31.468249,74.410859,0.819,2
2026-07-14T09:40:00Z,KHI-777,CAM-9,Model Town,31.4848,74.324893,0.924,1
2026-07-14T08:48:00Z,KHI-777,CAM-21,Model Town,31.484749,74.322905,0.838,4
2026-07-14T14:33:00Z,ICT-404,CAM-12,Model Town,31.483498,74.321724,0.984,4
2026-07-14T13:44:00Z,ICT-404,CAM-9,Model Town,31.483929,74.321067,0.958,1
2026-07-14T07:58:00Z,KHI-777,CAM-12,Gate 4,31.500586,74.352051,0.806,3
2026-07-14T14:00:00Z,ICT-404,CAM-7,DHA Phase 5,31.470491,74.408348,0.838,2
2026-07-14T12:06:00Z,ICT-404,CAM-9,Gate 4,31.502585,74.352218,0.841,3
2026-07-14T08:04:00Z,ICT-404,CAM-21,Gate 4,31.502352,74.351246,0.817,4
2026-07-14T08:06:00Z,ABC-123,CAM-9,Model Town,31.484356,74.322411,0.97,2
2026-07-14T10:16:00Z,LHR-2026,CAM-21,DHA Phase 5,31.470983,74.408474,0.903,1
2026-07-14T09:15:00Z,ABC-123,CAM-7,DHA Phase 5,31.46882,74.408611,0.794,1
2026-07-14T09:18:00Z,ICT-404,CAM-21,Model Town,31.484958,74.322902,0.793,4
2026-07-14T12:42:00Z,LEA-447,CAM-9,North Road,31.560048,74.325312,0.749,3
2026-07-14T15:04:00Z,LEA-447,CAM-21,North Road,31.558952,74.32726,0.8,1
2026-07-14T18:39:00Z,ABC-123,CAM-21,Gulberg,31.521362,74.359249,0.821,4
2026-07-14T18:50:00Z,ABC-123,CAM-9,Gulberg,31.520204,74.357624,0.887,1
2026-07-14T16:39:00Z,XYZ-789,CAM-12,DHA Phase 5,31.468408,74.408334,0.804,2
2026-07-14T12:00:00Z,XYZ-789,CAM-7,North Road,31.560425,74.326867,0.818,3
2026-07-14T18:10:00Z,KHI-777,CAM-12,Model Town,31.482095,74.322573,0.928,1
2026-07-14T15:52:00Z,ABC-123,CAM-21,Model Town,31.484487,74.324073,0.906,2
2026-07-14T11:00:00Z,KHI-777,CAM-7,North Road,31.559373,74.328894,0.879,1
2026-07-14T13:36:00Z,XYZ-789,CAM-9,Gate 4,31.49971,74.350455,0.942,3
2026-07-14T18:50:00Z,LEA-447,CAM-12,North Road,31.557763,74.328174,0.804,2
2026-07-14T16:24:00Z,KHI-777,CAM-21,North Road,31.561052,74.327528,0.764,1
2026-07-14T11:16:00Z,KHI-777,CAM-21,DHA Phase 5,31.471644,74.410849,0.913,3
2026-07-14T18:00:00Z,ICT-404,CAM-9,Model Town,31.482751,74.32375,0.861,3
2026-07-14T08:42:00Z,KHI-777,CAM-21,Model Town,31.484437,74.322622,0.836,1
2026-07-14T08:44:00Z,ABC-123,CAM-21,Gulberg,31.521965,74.357049,0.863,4
2026-07-14T12:55:00Z,XYZ-789,CAM-12,DHA Phase 5,31.469503,74.411491,0.812,4
2026-07-14T17:12:00Z,ABC-123,CAM-7,Gate 4,31.501431,74.353121,0.912,1
2026-07-14T13:05:00Z,ABC-123,CAM-9,DHA Phase 5,31.470964,74.409015,0.922,1
2026-07-14T13:10:00Z,ABC-123,CAM-7,Model Town,31.482146,74.32345,0.756,1
2026-07-14T17:36:00Z,ABC-123,CAM-7,North Road,31.558559,74.326501,0.817,4
2026-07-14T20:40:00Z,KHI-777,CAM-7,Gate 4,31.502853,74.350166,0.94,3
2026-07-14T08:58:00Z,KHI-777,CAM-9,DHA Phase 5,31.469703,74.410289,0.902,3
2026-07-14T18:00:00Z,LHR-2026,CAM-7,Gate 4,31.500148,74.350348,0.818,2
2026-07-14T13:35:00Z,XYZ-789,CAM-7,DHA Phase 5,31.467729,74.409054,0.785,4
2026-07-14T16:44:00Z,ICT-404,CAM-9,North Road,31.557548,74.328783,0.944,4
2026-07-14T21:30:00Z,ICT-404,CAM-9,Model Town,31.484771,74.322313,0.903,4
2026-07-14T15:24:00Z,ABC-123,CAM-9,Gate 4,31.502012,74.350282,0.743,3
2026-07-14T21:50:00Z,ABC-123,CAM-12,North Road,31.55844,74.32639,0.741,3
2026-07-14T15:36:00Z,ABC-123,CAM-12,Gulberg,31.518819,74.359576,0.75,2
2026-07-14T17:19:00Z,LEA-447,CAM-21,Gulberg,31.520053,74.356979,0.818,1
2026-07-14T09:16:00Z,LHR-2026,CAM-21,Gulberg,31.520542,74.357762,0.775,2
2026-07-14T12:36:00Z,LEA-447,CAM-9,DHA Phase 5,31.470903,74.408797,0.95,3
2026-07-14T09:20:00Z,ABC-123,CAM-12,Model Town,31.483127,74.322629,0.904,1
2026-07-14T09:22:00Z,ABC-123,CAM-12,Gulberg,31.521185,74.358605,0.922,1
2026-07-14T21:18:00Z,LEA-447,CAM-7,Gulberg,31.520903,74.360279,0.792,4
2026-07-14T21:27:00Z,LHR-2026,CAM-21,DHA Phase 5,31.469206,74.407848,0.987,1
2026-07-15T01:04:00Z,KHI-777,CAM-7,Gate 4,31.499956,74.351149,0.85,1
2026-07-14T20:00:00Z,ICT-404,CAM-12,Gulberg,31.521568,74.357762,0.841,4
2026-07-14T13:04:00Z,KHI-777,CAM-21,North Road,31.557817,74.326077,0.906,2
2026-07-14T14:55:00Z,LEA-447,CAM-21,Model Town,31.482065,74.323238,0.848,3
2026-07-14T15:00:00Z,ABC-123,CAM-12,North Road,31.560678,74.326472,0.858,1
2026-07-14T20:32:00Z,LEA-447,CAM-21,Model Town,31.48504,74.321301,0.839,1
2026-07-14T15:10:00Z,LHR-2026,CAM-12,North Road,31.558971,74.32743,0.782,4
2026-07-14T18:57:00Z,XYZ-789,CAM-12,North Road,31.560479,74.326726,0.931,4
2026-07-14T11:36:00Z,LHR-2026,CAM-21,Model Town,31.484359,74.323488,0.758,3
2026-07-15T02:43:00Z,LHR-2026,CAM-12,Gulberg,31.520999,74.359837,0.742,2
2026-07-15T02:54:00Z,ABC-123,CAM-12,DHA Phase 5,31.469861,74.408529,0.743,1
2026-07-14T19:25:00Z,ICT-404,CAM-7,Model Town,31.485186,74.322565,0.949,2
2026-07-15T03:16:00Z,ABC-123,CAM-7,DHA Phase 5,31.469619,74.411667,0.849,1
2026-07-14T17:42:00Z,LHR-2026,CAM-21,DHA Phase 5,31.470908,74.409678,0.801,3
2026-07-14T15:50:00Z,LEA-447,CAM-9,Gate 4,31.500599,74.350451,0.947,3
2026-07-14T09:58:00Z,ABC-123,CAM-7,DHA Phase 5,31.46938,74.408107,0.923,1
2026-07-14T10:00:00Z,ABC-123,CAM-9,Model Town,31.48318,74.32469,0.873,2
2026-07-15T00:09:00Z,XYZ-789,CAM-7,Gate 4,31.502769,74.352211,0.924,1
2026-07-14T14:08:00Z,ABC-123,CAM-12,Gulberg,31.521033,74.360176,0.954,3
2026-07-14T12:09:00Z,ICT-404,CAM-21,Model Town,31.485019,74.323006,0.855,1
2026-07-14T12:12:00Z,KHI-777,CAM-7,Model Town,31.483432,74.32119,0.759,4
2026-07-15T00:45:00Z,ABC-123,CAM-9,Gulberg,31.518807,74.358337,0.79,1
2026-07-14T20:42:00Z,KHI-777,CAM-9,North Road,31.557659,74.327826,0.966,4
2026-07-14T14:28:00Z,LEA-447,CAM-12,Gulberg,31.520434,74.359092,0.942,4
2026-07-14T10:16:00Z,ABC-123,CAM-12,Model Town,31.481464,74.321518,0.764,1
2026-07-15T03:30:00Z,XYZ-789,CAM-7,Gulberg,31.52187,74.36018,0.742,4
2026-07-14T23:20:00Z,LHR-2026,CAM-21,Model Town,31.482507,74.32405,0.761,4
2026-07-15T03:50:00Z,ABC-123,CAM-12,Model Town,31.484076,74.321338,0.927,2
2026-07-14T19:12:00Z,LEA-447,CAM-7,DHA Phase 5,31.469164,74.410029,0.748,3
2026-07-14T10:26:00Z,LEA-447,CAM-9,DHA Phase 5,31.469424,74.410393,0.93,4
2026-07-14T10:28:00Z,ABC-123,CAM-12,DHA Phase 5,31.469146,74.409041,0.785,3
2026-07-14T21:45:00Z,ABC-123,CAM-21,North Road,31.558475,74.329088,0.868,2
2026-07-14T21:52:00Z,ABC-123,CAM-9,Gulberg,31.522328,74.358309,0.873,4
2026-07-15T02:33:00Z,LHR-2026,CAM-12,North Road,31.558861,74.326573,0.853,4
2026-07-14T17:30:00Z,ABC-123,CAM-7,North Road,31.560949,74.328566,0.883,4
2026-07-14T19:54:00Z,ABC-123,CAM-7,Gulberg,31.521645,74.36053,0.853,4
2026-07-14T17:40:00Z,KHI-777,CAM-7,Gate 4,31.501103,74.352708,0.957,4
2026-07-14T13:03:00Z,ABC-123,CAM-7,DHA Phase 5,31.469069,74.410845,0.822,3
2026-07-15T05:40:00Z,LEA-447,CAM-9,North Road,31.560561,74.325958,0.829,4
2026-07-14T22:41:00Z,ICT-404,CAM-7,Gulberg,31.521162,74.359934,0.92,3
2026-07-14T22:48:00Z,LEA-447,CAM-21,DHA Phase 5,31.468543,74.411605,0.796,1
2026-07-15T06:10:00Z,LHR-2026,CAM-7,Model Town,31.484553,74.3211,0.83,3
2026-07-15T08:46:00Z,XYZ-789,CAM-21,Gate 4,31.500553,74.352835,0.832,1
2026-07-15T04:03:00Z,LHR-2026,CAM-12,Gate 4,31.499182,74.352256,0.923,3
2026-07-14T20:48:00Z,ICT-404,CAM-7,Gate 4,31.502729,74.349517,0.905,4
2026-07-14T13:27:00Z,XYZ-789,CAM-12,DHA Phase 5,31.467818,74.408357,0.771,2
2026-07-15T07:00:00Z,XYZ-789,CAM-9,Model Town,31.481769,74.321158,0.949,2
2026-07-15T04:39:00Z,XYZ-789,CAM-12,Model Town,31.484754,74.321342,0.945,4
2026-07-15T02:16:00Z,LHR-2026,CAM-9,Gate 4,31.502652,74.351269,0.781,2
2026-07-14T16:12:00Z,ABC-123,CAM-7,DHA Phase 5,31.469766,74.408503,0.973,3
2026-07-15T05:06:00Z,ABC-123,CAM-9,DHA Phase 5,31.470145,74.409612,0.923,1
2026-07-15T05:15:00Z,XYZ-789,CAM-7,Model Town,31.484056,74.321688,0.764,1
2026-07-14T21:36:00Z,LHR-2026,CAM-9,Model Town,31.482629,74.322091,0.847,4
2026-07-14T21:42:00Z,LHR-2026,CAM-21,North Road,31.558904,74.328569,0.759,2
2026-07-14T16:32:00Z,LHR-2026,CAM-7,North Road,31.558057,74.328631,0.824,4
2026-07-15T08:30:00Z,LHR-2026,CAM-21,North Road,31.558431,74.328153,0.797,4
2026-07-15T00:40:00Z,LHR-2026,CAM-9,Model Town,31.481262,74.32279,0.763,2
2026-07-15T03:28:00Z,LHR-2026,CAM-7,Gate 4,31.501054,74.349869,0.841,1
2026-07-15T03:36:00Z,XYZ-789,CAM-12,DHA Phase 5,31.468825,74.408443,0.842,1
2026-07-14T19:35:00Z,ABC-123,CAM-12,Model Town,31.484615,74.321886,0.76,2
2026-07-15T01:08:00Z,ABC-123,CAM-9,North Road,31.559375,74.325706,0.921,2
2026-07-15T01:15:00Z,ABC-123,CAM-9,North Road,31.558958,74.32576,0.929,1
2026-07-15T01:22:00Z,ABC-123,CAM-9,North Road,31.559183,74.326704,0.789,2
2026-07-15T09:50:00Z,XYZ-789,CAM-12,Gulberg,31.518478,74.36049,0.877,3
2026-07-14T22:48:00Z,ABC-123,CAM-12,North Road,31.558723,74.327806,0.882,4
2026-07-14T20:05:00Z,ICT-404,CAM-7,DHA Phase 5,31.4682,74.411603,0.772,3
2026-07-15T04:40:00Z,XYZ-789,CAM-7,Model Town,31.485004,74.323738,0.785,3
2026-07-14T14:33:00Z,XYZ-789,CAM-21,Gulberg,31.520996,74.359502,0.77,3
2026-07-15T02:04:00Z,ABC-123,CAM-12,Gulberg,31.520443,74.358245,0.759,1
2026-07-15T07:57:00Z,XYZ-789,CAM-9,Gate 4,31.503011,74.351332,0.953,4
2026-07-15T11:00:00Z,KHI-777,CAM-21,Gulberg,31.522079,74.36037,0.841,4
2026-07-15T11:10:00Z,XYZ-789,CAM-12,Gulberg,31.51961,74.358656,0.984,4
2026-07-15T02:32:00Z,KHI-777,CAM-9,DHA Phase 5,31.469333,74.411466,0.831,1
2026-07-14T20:45:00Z,KHI-777,CAM-9,DHA Phase 5,31.468601,74.410177,0.963,1
2026-07-15T08:42:00Z,ABC-123,CAM-21,Gulberg,31.519576,74.360438,0.837,4
2026-07-15T08:51:00Z,ICT-404,CAM-7,North Road,31.557487,74.325484,0.787,3
2026-07-15T12:00:00Z,ABC-123,CAM-12,Gulberg,31.520798,74.357262,0.912,2
2026-07-15T09:09:00Z,KHI-777,CAM-21,North Road,31.559266,74.32765,0.769,3
2026-07-15T15:22:00Z,XYZ-789,CAM-9,DHA Phase 5,31.468248,74.408902,0.902,2
2026-07-15T00:18:00Z,ICT-404,CAM-9,DHA Phase 5,31.469744,74.410094,0.802,3
2026-07-15T15:44:00Z,ABC-123,CAM-7,DHA Phase 5,31.471107,74.410263,0.984,2
2026-07-14T15:15:00Z,LHR-2026,CAM-7,DHA Phase 5,31.469453,74.410288,0.858,3
2026-07-14T12:12:00Z,ABC-123,CAM-21,DHA Phase 5,31.468886,74.411444,0.874,2
2026-07-15T16:17:00Z,LEA-447,CAM-12,Model Town,31.48359,74.324687,0.785,3
2026-07-15T13:20:00Z,ICT-404,CAM-12,Gate 4,31.49924,74.349241,0.767,4
2026-07-15T00:54:00Z,XYZ-789,CAM-12,DHA Phase 5,31.468005,74.411571,0.801,1
2026-07-14T12:20:00Z,KHI-777,CAM-9,Model Town,31.483341,74.323359,0.839,2
2026-07-15T17:01:00Z,LEA-447,CAM-9,North Road,31.558926,74.327953,0.817,1
2026-07-14T18:48:00Z,LHR-2026,CAM-9,North Road,31.560628,74.327657,0.907,3
2026-07-15T10:57:00Z,ICT-404,CAM-9,DHA Phase 5,31.468598,74.411627,0.842,2
2026-07-14T15:42:00Z,XYZ-789,CAM-12,Model Town,31.484762,74.321851,0.759,1
2026-07-15T08:00:00Z,ABC-123,CAM-12,Gulberg,31.519247,74.357336,0.863,2
2026-07-15T11:24:00Z,ABC-123,CAM-21,DHA Phase 5,31.468399,74.409522,0.772,4
2026-07-14T15:51:00Z,LHR-2026,CAM-12,North Road,31.558718,74.326842,0.973,2
2026-07-15T05:06:00Z,KHI-777,CAM-9,Gate 4,31.501127,74.351402,0.809,3
2026-07-15T18:29:00Z,ICT-404,CAM-9,DHA Phase 5,31.468037,74.409875,0.862,3
2026-07-14T22:40:00Z,LHR-2026,CAM-21,Gate 4,31.50036,74.35174,0.914,1
2026-07-15T18:51:00Z,ABC-123,CAM-21,Model Town,31.484806,74.324539,0.867,3
2026-07-15T08:56:00Z,LEA-447,CAM-12,Gate 4,31.500834,74.350645,0.987,3
2026-07-15T19:13:00Z,KHI-777,CAM-21,Model Town,31.483979,74.321115,0.808,4
2026-07-15T16:00:00Z,ABC-123,CAM-21,Model Town,31.484136,74.32412,0.751,1
2026-07-14T16:15:00Z,ABC-123,CAM-9,DHA Phase 5,31.469062,74.411503,0.989,4
2026-07-15T16:20:00Z,ABC-123,CAM-9,Gulberg,31.519117,74.357736,0.928,4
2026-07-14T23:15:00Z,ICT-404,CAM-9,North Road,31.559477,74.326241,0.787,1
2026-07-14T23:20:00Z,LEA-447,CAM-9,Gate 4,31.500892,74.351681,0.846,4
2026-07-15T06:23:00Z,KHI-777,CAM-21,Model Town,31.483398,74.322285,0.853,1
2026-07-14T20:00:00Z,LHR-2026,CAM-9,Model Town,31.483807,74.322148,0.84,2
2026-07-15T03:06:00Z,LHR-2026,CAM-9,Gulberg,31.518801,74.357368,0.901,3
2026-07-15T03:12:00Z,ABC-123,CAM-12,Gulberg,31.518747,74.360293,0.936,3
2026-07-14T16:39:00Z,LHR-2026,CAM-21,Gate 4,31.501978,74.35018,0.856,1
2026-07-14T20:16:00Z,ABC-123,CAM-12,DHA Phase 5,31.47042,74.408342,0.965,2
2026-07-15T14:15:00Z,ABC-123,CAM-7,Model Town,31.483017,74.324254,0.913,2
2026-07-15T18:00:00Z,LEA-447,CAM-21,DHA Phase 5,31.469818,74.409845,0.813,4
2026-07-15T07:19:00Z,XYZ-789,CAM-21,North Road,31.557733,74.327298,0.884,4
2026-07-15T11:04:00Z,ABC-123,CAM-21,Gulberg,31.520891,74.358347,0.967,4
2026-07-15T18:30:00Z,LHR-2026,CAM-7,Model Town,31.482881,74.323379,0.792,4
2026-07-14T13:20:00Z,XYZ-789,CAM-7,Gulberg,31.518465,74.360473,0.824,4
2026-07-14T20:44:00Z,LEA-447,CAM-12,Gate 4,31.499725,74.349905,0.816,2
2026-07-15T00:30:00Z,ABC-123,CAM-9,Model Town,31.485199,74.323498,0.809,4
2026-07-14T17:09:00Z,ICT-404,CAM-21,DHA Phase 5,31.470037,74.408342,0.845,4
2026-07-14T20:56:00Z,XYZ-789,CAM-21,DHA Phase 5,31.468342,74.408473,0.772,4
2026-07-14T21:00:00Z,LHR-2026,CAM-9,North Road,31.558917,74.32673,0.916,2
2026-07-14T21:04:00Z,LHR-2026,CAM-7,Gate 4,31.499128,74.353041,0.962,4
2026-07-15T23:37:00Z,ICT-404,CAM-7,North Road,31.559508,74.327955,0.867,4
2026-07-14T17:24:00Z,KHI-777,CAM-7,Model Town,31.481325,74.323249,0.806,2
2026-07-15T16:21:00Z,LEA-447,CAM-12,DHA Phase 5,31.469318,74.408413,0.908,1
2026-07-15T20:20:00Z,ICT-404,CAM-7,Gulberg,31.521545,74.356791,0.84,1
2026-07-15T12:48:00Z,ABC-123,CAM-21,North Road,31.560419,74.328395,0.797,1
2026-07-14T21:28:00Z,LEA-447,CAM-7,Model Town,31.484584,74.321156,0.767,1
2026-07-15T09:11:00Z,ABC-123,CAM-12,Model Town,31.483335,74.324479,0.905,3
2026-07-15T17:06:00Z,LHR-2026,CAM-21,DHA Phase 5,31.469809,74.411138,0.821,4
2026-07-14T21:40:00Z,ABC-123,CAM-12,Gate 4,31.500368,74.350592,0.941,3
2026-07-15T17:24:00Z,LEA-447,CAM-9,DHA Phase 5,31.467758,74.409469,0.791,2
2026-07-15T05:42:00Z,ABC-123,CAM-9,North Road,31.558974,74.325826,0.947,2
2026-07-14T17:54:00Z,LEA-447,CAM-7,North Road,31.557184,74.327461,0.934,1
2026-07-15T09:53:00Z,ABC-123,CAM-9,Gate 4,31.500636,74.349818,0.764,3
2026-07-16T02:00:00Z,LHR-2026,CAM-12,DHA Phase 5,31.467873,74.408254,0.82,4
2026-07-15T10:07:00Z,LEA-447,CAM-21,DHA Phase 5,31.471119,74.408339,0.902,4
2026-07-14T22:08:00Z,XYZ-789,CAM-12,Gate 4,31.500422,74.350654,0.877,1
2026-07-15T02:15:00Z,ABC-123,CAM-7,Gate 4,31.500532,74.350259,0.955,2
2026-07-15T10:28:00Z,LEA-447,CAM-9,Model Town,31.484326,74.323398,0.828,4
2026-07-15T22:50:00Z,KHI-777,CAM-21,Gulberg,31.520736,74.359803,0.879,4
2026-07-15T18:54:00Z,XYZ-789,CAM-7,DHA Phase 5,31.468522,74.409368,0.876,2
2026-07-15T23:10:00Z,KHI-777,CAM-12,Gate 4,31.501058,74.352912,0.956,1
2026-07-15T19:12:00Z,LEA-447,CAM-21,Gulberg,31.522339,74.358822,0.741,1
2026-07-15T06:54:00Z,ABC-123,CAM-7,North Road,31.559797,74.328569,0.84,1
2026-07-14T22:40:00Z,ICT-404,CAM-21,Gulberg,31.519775,74.357207,0.985,3
2026-07-15T07:06:00Z,LHR-2026,CAM-9,Gulberg,31.521374,74.358939,0.93,3
2026-07-15T15:36:00Z,ICT-404,CAM-9,Gate 4,31.501379,74.350705,0.88,1
2026-07-14T18:39:00Z,ABC-123,CAM-9,Model Town,31.484709,74.324567,0.944,1
2026-07-16T04:34:00Z,ABC-123,CAM-12,Gate 4,31.500653,74.352384,0.974,2
2026-07-15T11:45:00Z,XYZ-789,CAM-12,Gulberg,31.520524,74.359441,0.984,3
2026-07-16T04:56:00Z,LEA-447,CAM-9,Gulberg,31.519481,74.357845,0.981,3
2026-07-15T07:42:00Z,KHI-777,CAM-9,Gulberg,31.520353,74.359844,0.745,3
2026-07-15T07:48:00Z,ABC-123,CAM-21,DHA Phase 5,31.471248,74.408257,0.935,3
2026-07-14T14:38:00Z,ICT-404,CAM-7,North Road,31.559743,74.328399,0.771,4
2026-07-15T16:40:00Z,ABC-123,CAM-9,North Road,31.558929,74.329191,0.982,3
2026-07-16T05:51:00Z,ABC-123,CAM-21,DHA Phase 5,31.469506,74.410228,0.818,2
2026-07-16T01:40:00Z,LEA-447,CAM-12,DHA Phase 5,31.47121,74.409284,0.826,3
2026-07-15T12:41:00Z,ABC-123,CAM-12,Gulberg,31.52041,74.358412,0.876,1
2026-07-15T08:24:00Z,ICT-404,CAM-12,DHA Phase 5,31.471335,74.410683,0.866,3
2026-07-15T08:30:00Z,ABC-123,CAM-21,Gulberg,31.520171,74.358727,0.892,3
2026-07-14T23:44:00Z,ABC-123,CAM-9,Model Town,31.482426,74.321021,0.779,4
2026-07-16T06:57:00Z,ICT-404,CAM-9,Gate 4,31.500334,74.350604,0.874,2
2026-07-15T04:20:00Z,LEA-447,CAM-9,North Road,31.559195,74.326306,0.828,1
2026-07-15T13:23:00Z,XYZ-789,CAM-12,North Road,31.560078,74.327978,0.765,4
2026-07-15T18:00:00Z,LHR-2026,CAM-12,Model Town,31.483337,74.322133,0.934,1
2026-07-15T04:35:00Z,ICT-404,CAM-21,Gulberg,31.519187,74.35928,0.745,4
2026-07-15T13:44:00Z,ABC-123,CAM-21,Model Town,31.483886,74.324546,0.784,3
2026-07-15T13:51:00Z,ABC-123,CAM-12,DHA Phase 5,31.468905,74.40978,0.76,4
2026-07-14T15:08:00Z,LEA-447,CAM-7,Gate 4,31.499811,74.351804,0.769,1
2026-07-15T00:20:00Z,LEA-447,CAM-7,Gate 4,31.49957,74.349359,0.874,2
2026-07-15T14:12:00Z,XYZ-789,CAM-7,Gulberg,31.521415,74.358339,0.824,3
2026-07-16T04:10:00Z,ABC-123,CAM-9,Gulberg,31.520006,74.356784,0.747,3
2026-07-15T05:10:00Z,ICT-404,CAM-21,Gulberg,31.521001,74.358345,0.894,3
2026-07-16T09:09:00Z,XYZ-789,CAM-21,North Road,31.55907,74.326902,0.884,3
2026-07-14T20:00:00Z,LHR-2026,CAM-9,Gate 4,31.500917,74.351655,0.899,1
2026-07-16T00:09:00Z,ABC-123,CAM-12,North Road,31.559404,74.327221,0.785,1
2026-07-14T20:06:00Z,KHI-777,CAM-12,Gate 4,31.503049,74.350786,0.867,4
2026-07-15T19:44:00Z,ICT-404,CAM-21,DHA Phase 5,31.47129,74.41169,0.825,1
2026-07-15T00:56:00Z,KHI-777,CAM-9,North Road,31.560774,74.329231,0.744,2
2026-07-16T05:30:00Z,XYZ-789,CAM-7,Gate 4,31.503029,74.351702,0.773,4
2026-07-15T15:22:00Z,KHI-777,CAM-7,North Road,31.561021,74.329193,0.965,2
2026-07-15T01:08:00Z,KHI-777,CAM-9,Gate 4,31.50097,74.352069,0.796,3
2026-07-15T10:48:00Z,LEA-447,CAM-21,Gulberg,31.521759,74.357569,0.829,3
2026-07-15T06:05:00Z,ICT-404,CAM-7,DHA Phase 5,31.470554,74.409497,0.8,1
2026-07-14T15:40:00Z,ICT-404,CAM-7,Model Town,31.484606,74.322937,0.89,2
2026-07-14T20:33:00Z,ABC-123,CAM-21,Model Town,31.485174,74.324408,0.868,4
2026-07-16T01:48:00Z,ABC-123,CAM-7,Gulberg,31.521622,74.357464,0.848,2
2026-07-16T06:50:00Z,ABC-123,CAM-7,Model Town,31.481554,74.324563,0.962,4
2026-07-16T02:06:00Z,ABC-123,CAM-12,North Road,31.558809,74.325734,0.973,3
2026-07-16T12:05:00Z,LHR-2026,CAM-7,Gate 4,31.501929,74.351748,0.821,4
2026-07-15T21:28:00Z,ICT-404,CAM-12,Gate 4,31.503095,74.352776,0.983,1
2026-07-14T15:54:00Z,ICT-404,CAM-21,Model Town,31.483664,74.321479,0.987,2
2026-07-15T06:50:00Z,LEA-447,CAM-9,Gulberg,31.521521,74.358279,0.86,4
2026-07-15T06:55:00Z,XYZ-789,CAM-21,Model Town,31.48266,74.323221,0.967,2
2026-07-16T08:00:00Z,KHI-777,CAM-12,North Road,31.559903,74.32821,0.91,2
2026-07-15T02:04:00Z,ABC-123,CAM-9,DHA Phase 5,31.469707,74.409915,0.946,4
2026-07-16T08:20:00Z,KHI-777,CAM-9,Gulberg,31.51938,74.360573,0.754,3
2026-07-15T17:21:00Z,KHI-777,CAM-7,Gate 4,31.500138,74.352702,0.844,2
2026-07-14T21:12:00Z,XYZ-789,CAM-12,North Road,31.558288,74.327933,0.851,3
2026-07-14T16:10:00Z,ABC-123,CAM-7,Gate 4,31.502294,74.351321,0.776,2
2026-07-15T17:42:00Z,KHI-777,CAM-12,Gulberg,31.519564,74.357564,0.777,1
2026-07-14T21:21:00Z,ICT-404,CAM-7,Gulberg,31.519146,74.357847,0.788,2
2026-07-16T04:12:00Z,ABC-123,CAM-7,Gate 4,31.500017,74.35027,0.814,3
2026-07-15T07:45:00Z,KHI-777,CAM-7,Gulberg,31.519497,74.359655,0.763,4
2026-07-15T07:50:00Z,KHI-777,CAM-21,North Road,31.557678,74.326014,0.875,4
2026-07-15T23:28:00Z,KHI-777,CAM-12,North Road,31.558798,74.325794,0.865,3
2026-07-16T15:12:00Z,ABC-123,CAM-12,Gate 4,31.500529,74.351025,0.935,3
2026-07-16T10:10:00Z,XYZ-789,CAM-7,Gulberg,31.520386,74.357124,0.967,1
2026-07-15T02:56:00Z,XYZ-789,CAM-9,Gulberg,31.522121,74.359289,0.786,4
2026-07-14T21:45:00Z,XYZ-789,CAM-12,Gate 4,31.501118,74.352819,0.792,2
2026-07-14T16:32:00Z,LEA-447,CAM-9,Gulberg,31.519949,74.358191,0.937,4
2026-07-15T03:08:00Z,KHI-777,CAM-21,DHA Phase 5,31.470849,74.410617,0.784,4
2026-07-16T11:00:00Z,ABC-123,CAM-21,DHA Phase 5,31.468157,74.40898,0.883,2
2026-07-15T03:16:00Z,LEA-447,CAM-12,Model Town,31.482943,74.322369,0.864,1
2026-07-14T16:40:00Z,ICT-404,CAM-12,North Road,31.557922,74.32679,0.835,4
2026-07-16T06:09:00Z,XYZ-789,CAM-7,Model Town,31.481793,74.324844,0.953,4
2026-07-16T17:02:00Z,ABC-123,CAM-9,Gate 4,31.501176,74.349725,0.972,2
2026-07-15T19:41:00Z,ICT-404,CAM-9,North Road,31.560479,74.327132,0.783,4
2026-07-16T01:12:00Z,LEA-447,CAM-21,Gulberg,31.518961,74.357656,0.932,3
2026-07-15T03:40:00Z,LHR-2026,CAM-21,North Road,31.557803,74.328027,0.915,3
2026-07-16T06:54:00Z,LEA-447,CAM-9,DHA Phase 5,31.469755,74.409025,0.895,3
2026-07-15T20:09:00Z,XYZ-789,CAM-21,Gulberg,31.521464,74.357682,0.84,2
2026-07-16T01:44:00Z,ABC-123,CAM-12,North Road,31.560791,74.326553,0.938,1
2026-07-14T22:27:00Z,ABC-123,CAM-7,North Road,31.559983,74.326999,0.845,3
2026-07-16T18:30:00Z,ABC-123,CAM-21,Gulberg,31.519189,74.35963,0.784,2
2026-07-14T17:02:00Z,KHI-777,CAM-7,DHA Phase 5,31.468621,74.410468,0.901,1
2026-07-15T20:44:00Z,KHI-777,CAM-12,Model Town,31.484904,74.323048,0.834,2
2026-07-16T19:03:00Z,LHR-2026,CAM-12,Gate 4,31.502322,74.350927,0.877,1
2026-07-16T13:40:00Z,ABC-123,CAM-21,DHA Phase 5,31.470345,74.409774,0.866,4
2026-07-16T13:50:00Z,ABC-123,CAM-12,Gate 4,31.502906,74.350433,0.833,4
2026-07-16T08:24:00Z,KHI-777,CAM-9,DHA Phase 5,31.469777,74.411469,0.758,1
2026-07-16T19:47:00Z,ABC-123,CAM-7,Model Town,31.483678,74.323141,0.976,2
2026-07-16T19:58:00Z,ICT-404,CAM-9,Gulberg,31.52087,74.360034,0.963,1
2026-07-15T15:54:00Z,ABC-123,CAM-7,Model Town,31.482646,74.321375,0.831,4
2026-07-15T21:40:00Z,ABC-123,CAM-21,DHA Phase 5,31.471143,74.411699,0.89,4
2026-07-15T10:25:00Z,ABC-123,CAM-21,Gate 4,31.500818,74.350057,0.753,4
2026-07-15T10:30:00Z,LHR-2026,CAM-12,North Road,31.559844,74.327468,0.905,2
2026-07-16T20:53:00Z,LEA-447,CAM-9,Model Town,31.483312,74.32473,0.769,1
2026-07-14T23:12:00Z,XYZ-789,CAM-9,Model Town,31.484833,74.321976,0.85,4
2026-07-16T09:45:00Z,XYZ-789,CAM-12,North Road,31.559279,74.328293,0.954,1
2026-07-14T17:32:00Z,LEA-447,CAM-21,Model Town,31.485157,74.324855,0.746,2
2026-07-14T23:21:00Z,KHI-777,CAM-9,Gulberg,31.519848,74.358694,0.827,2
2026-07-16T16:00:00Z,ICT-404,CAM-12,Gate 4,31.502741,74.350336,0.83,2
2026-07-16T16:10:00Z,LEA-447,CAM-12,North Road,31.5571,74.326596,0.927,1
2026-07-15T11:10:00Z,ICT-404,CAM-12,Model Town,31.483672,74.321326,0.931,1
2026-07-15T22:57:00Z,LEA-447,CAM-12,Gulberg,31.521138,74.358774,0.75,3
2026-07-16T22:32:00Z,ABC-123,CAM-7,Gate 4,31.499358,74.351348,0.797,1
2026-07-16T16:50:00Z,XYZ-789,CAM-12,Gulberg,31.520816,74.359486,0.861,4
2026-07-14T23:42:00Z,XYZ-789,CAM-21,DHA Phase 5,31.469626,74.408389,0.957,4
2026-07-16T17:10:00Z,ABC-123,CAM-7,Gulberg,31.518795,74.357089,0.765,3
2026-07-16T05:28:00Z,LEA-447,CAM-12,North Road,31.560349,74.327238,0.986,1
2026-07-14T17:54:00Z,ICT-404,CAM-12,Model Town,31.481947,74.323989,0.873,2
2026-07-15T23:46:00Z,ABC-123,CAM-21,DHA Phase 5,31.470425,74.408596,0.947,4
2026-07-14T17:58:00Z,ABC-123,CAM-7,DHA Phase 5,31.469304,74.411194,0.779,3
2026-07-15T18:00:00Z,ABC-123,CAM-7,DHA Phase 5,31.469316,74.408978,0.776,3
2026-07-16T06:08:00Z,ABC-123,CAM-9,Gulberg,31.521467,74.35712,0.774,4
2026-07-16T06:16:00Z,ICT-404,CAM-7,Gulberg,31.518536,74.360537,0.813,4
2026-07-15T00:09:00Z,LHR-2026,CAM-12,Gate 4,31.502195,74.34945,0.856,4
2026-07-16T00:28:00Z,ICT-404,CAM-21,Model Town,31.485116,74.321028,0.79,3
2026-07-15T12:25:00Z,ABC-123,CAM-21,North Road,31.560721,74.326718,0.79,4
2026-07-16T12:54:00Z,LEA-447,CAM-12,Gulberg,31.519078,74.357399,0.918,3
2026-07-15T12:35:00Z,KHI-777,CAM-9,Gulberg,31.519722,74.35895,0.75,1
2026-07-15T12:40:00Z,ICT-404,CAM-9,Model Town,31.481576,74.321555,0.849,3
2026-07-15T00:27:00Z,LEA-447,CAM-12,Model Town,31.484441,74.324292,0.773,2
2026-07-17T01:50:00Z,KHI-777,CAM-9,Model Town,31.482125,74.32097,0.874,1
2026-07-15T19:06:00Z,KHI-777,CAM-21,DHA Phase 5,31.469861,74.409516,0.82,2
2026-07-16T07:36:00Z,ICT-404,CAM-9,Model Town,31.483009,74.322799,0.961,4
2026-07-16T13:57:00Z,ABC-123,CAM-12,DHA Phase 5,31.468834,74.410754,0.857,1
2026-07-14T18:28:00Z,XYZ-789,CAM-9,Model Town,31.482719,74.322797,0.963,4
2026-07-15T13:15:00Z,ICT-404,CAM-9,Gulberg,31.521229,74.357594,0.746,2
2026-07-16T08:08:00Z,XYZ-789,CAM-7,DHA Phase 5,31.46938,74.409393,0.893,1
2026-07-15T00:51:00Z,ABC-123,CAM-7,DHA Phase 5,31.469457,74.411399,0.926,1
2026-07-16T14:42:00Z,LEA-447,CAM-7,Gate 4,31.50031,74.35118,0.787,4
2026-07-15T00:57:00Z,XYZ-789,CAM-9,DHA Phase 5,31.4685,74.408287,0.876,4
2026-07-16T08:40:00Z,ABC-123,CAM-9,DHA Phase 5,31.467858,74.409374,0.742,2
2026-07-16T08:48:00Z,LHR-2026,CAM-12,North Road,31.560055,74.32874,0.858,1
2026-07-17T04:02:00Z,LEA-447,CAM-21,Gate 4,31.500276,74.350528,0.889,2
2026-07-17T04:13:00Z,ICT-404,CAM-7,Gate 4,31.50206,74.352063,0.795,4
2026-07-17T04:24:00Z,ABC-123,CAM-9,Gulberg,31.521699,74.359915,0.811,2
2026-07-15T20:30:00Z,ABC-123,CAM-7,Model Town,31.482623,74.322521,0.778,2
2026-07-14T18:52:00Z,LEA-447,CAM-12,Gate 4,31.502135,74.352139,0.807,4
2026-07-15T20:42:00Z,XYZ-789,CAM-9,North Road,31.558305,74.326761,0.872,3
2026-07-15T01:24:00Z,LEA-447,CAM-7,DHA Phase 5,31.469527,74.411065,0.74,2
2026-07-17T05:19:00Z,LEA-447,CAM-12,Model Town,31.482768,74.324323,0.82,3
2026-07-14T19:00:00Z,XYZ-789,CAM-21,Gate 4,31.501224,74.350077,0.767,1
2026-07-16T03:37:00Z,ABC-123,CAM-7,Gulberg,31.518915,74.358718,0.949,4
2026-07-14T19:04:00Z,XYZ-789,CAM-7,DHA Phase 5,31.470407,74.408579,0.875,3
2026-07-16T10:24:00Z,KHI-777,CAM-7,North Road,31.561094,74.326134,0.92,1
2026-07-16T17:06:00Z,ICT-404,CAM-7,Gulberg,31.520426,74.360205,0.791,4
2026-07-16T23:50:00Z,XYZ-789,CAM-9,Model Town,31.483509,74.32296,0.96,3
2026-07-15T01:48:00Z,LHR-2026,CAM-9,Gate 4,31.502378,74.352303,0.935,4
2026-07-15T15:05:00Z,ICT-404,CAM-21,Gate 4,31.49952,74.351328,0.937,4
2026-07-17T00:20:00Z,ABC-123,CAM-9,Gate 4,31.501347,74.349966,0.833,2
2026-07-16T11:12:00Z,ABC-123,CAM-7,Gulberg,31.520904,74.358672,0.896,3
2026-07-17T07:20:00Z,XYZ-789,CAM-21,North Road,31.557581,74.328489,0.804,1
2026-07-16T04:47:00Z,LEA-447,CAM-12,Gulberg,31.522027,74.359457,0.898,1
2026-07-17T07:42:00Z,KHI-777,CAM-12,Gate 4,31.499495,74.351599,0.808,2
2026-07-17T01:10:00Z,LEA-447,CAM-9,Model Town,31.481985,74.322687,0.883,3
2026-07-15T02:12:00Z,ICT-404,CAM-12,DHA Phase 5,31.470458,74.411003,0.831,1
2026-07-15T15:45:00Z,KHI-777,CAM-9,DHA Phase 5,31.471036,74.411199,0.983,3
2026-07-17T08:26:00Z,LHR-2026,CAM-21,DHA Phase 5,31.469966,74.409954,0.91,3
2026-07-15T09:08:00Z,LEA-447,CAM-21,Gulberg,31.521894,74.360554,0.931,1
2026-07-16T05:36:00Z,XYZ-789,CAM-7,Model Town,31.484581,74.324464,0.772,4
2026-07-14T19:38:00Z,ICT-404,CAM-7,DHA Phase 5,31.469381,74.408677,0.965,3
2026-07-16T19:30:00Z,ICT-404,CAM-9,DHA Phase 5,31.470147,74.408911,0.926,3
2026-07-16T12:48:00Z,ABC-123,CAM-21,Gate 4,31.501513,74.351519,0.777,3
2026-07-14T19:44:00Z,ABC-123,CAM-21,Gate 4,31.501549,74.349317,0.985,1
2026-07-16T06:11:00Z,LEA-447,CAM-7,Model Town,31.48488,74.323555,0.921,1
2026-07-14T19:48:00Z,ABC-123,CAM-21,North Road,31.557177,74.325655,0.821,2
2026-07-14T19:50:00Z,ABC-123,CAM-21,North Road,31.557328,74.329256,0.775,3
2026-07-17T10:16:00Z,LEA-447,CAM-7,DHA Phase 5,31.467765,74.409673,0.936,1
2026-07-15T09:48:00Z,LHR-2026,CAM-12,Model Town,31.481426,74.324651,0.986,4
2026-07-15T02:54:00Z,ICT-404,CAM-21,Gate 4,31.500613,74.351489,0.952,1
2026-07-15T09:56:00Z,KHI-777,CAM-9,DHA Phase 5,31.470616,74.409424,0.875,2
2026-07-14T20:00:00Z,ABC-123,CAM-21,North Road,31.558244,74.326222,0.838,2
2026-07-16T14:08:00Z,ABC-123,CAM-21,Gulberg,31.5189,74.360341,0.917,3
2026-07-17T04:20:00Z,ICT-404,CAM-9,Model Town,31.484618,74.323584,0.835,4
2026-07-14T20:06:00Z,ABC-123,CAM-7,Gulberg,31.520939,74.357351,0.971,1
2026-07-16T00:24:00Z,ICT-404,CAM-9,Model Town,31.481238,74.321886,0.743,4
2026-07-15T17:25:00Z,XYZ-789,CAM-7,North Road,31.559758,74.326742,0.806,4
2026-07-16T14:48:00Z,ABC-123,CAM-21,Gate 4,31.502106,74.352736,0.779,3
2026-07-14T20:14:00Z,LHR-2026,CAM-9,DHA Phase 5,31.469279,74.40907,0.93,2
2026-07-15T17:40:00Z,KHI-777,CAM-7,Gate 4,31.501821,74.34967,0.794,2
2026-07-16T00:54:00Z,ICT-404,CAM-21,Gate 4,31.500059,74.350407,0.77,4
2026-07-17T12:50:00Z,ABC-123,CAM-9,Gulberg,31.518426,74.3568,0.971,1
2026-07-16T15:28:00Z,ICT-404,CAM-21,North Road,31.560184,74.326174,0.838,2
2026-07-15T03:36:00Z,KHI-777,CAM-7,Gate 4,31.501956,74.351627,0.886,1
2026-07-15T10:52:00Z,ABC-123,CAM-12,Model Town,31.48243,74.324703,0.989,1
2026-07-15T10:56:00Z,ABC-123,CAM-7,Gate 4,31.49949,74.349486,0.93,3
2026-07-16T23:15:00Z,ABC-123,CAM-12,Model Town,31.481919,74.323873,0.852,2
2026-07-16T01:36:00Z,XYZ-789,CAM-7,DHA Phase 5,31.467879,74.408566,0.951,2
2026-07-15T11:08:00Z,ABC-123,CAM-12,North Road,31.558427,74.32752,0.925,1
2026-07-15T11:12:00Z,ABC-123,CAM-21,North Road,31.558968,74.327085,0.99,4
2026-07-15T03:57:00Z,ICT-404,CAM-7,Gate 4,31.499858,74.349323,0.747,3
2026-07-15T04:00:00Z,LEA-447,CAM-9,Model Town,31.482797,74.322582,0.904,4
2026-07-16T16:48:00Z,XYZ-789,CAM-9,DHA Phase 5,31.469077,74.411478,0.981,4
2026-07-15T18:50:00Z,LEA-447,CAM-21,Model Town,31.484264,74.324287,0.956,1
2026-07-17T07:50:00Z,XYZ-789,CAM-21,Gate 4,31.502637,74.349922,0.751,2
2026-07-15T11:36:00Z,LEA-447,CAM-9,Gate 4,31.500892,74.351306,0.837,1
2026-07-15T19:05:00Z,KHI-777,CAM-12,Gulberg,31.521021,74.358785,0.972,1
2026-07-17T00:54:00Z,ICT-404,CAM-7,Gate 4,31.500973,74.351526,0.969,1
2026-07-15T11:48:00Z,KHI-777,CAM-9,North Road,31.559536,74.326578,0.813,4
2026-07-15T04:24:00Z,ICT-404,CAM-21,North Road,31.559167,74.326701,0.777,1
2026-07-15T19:25:00Z,LEA-447,CAM-7,Gulberg,31.518767,74.358268,0.763,1
2026-07-15T04:30:00Z,ABC-123,CAM-9,North Road,31.560512,74.328643,0.86,2
2026-07-15T19:35:00Z,LEA-447,CAM-21,Gulberg,31.519766,74.360335,0.934,1
2026-07-15T12:08:00Z,XYZ-789,CAM-12,North Road,31.559086,74.325586,0.873,4
2026-07-17T01:57:00Z,XYZ-789,CAM-21,Gulberg,31.51975,74.359728,0.752,1
2026-07-16T18:32:00Z,XYZ-789,CAM-12,North Road,31.559366,74.326944,0.753,3
2026-07-16T18:40:00Z,KHI-777,CAM-9,DHA Phase 5,31.467986,74.410514,0.857,1
2026-07-15T12:24:00Z,LEA-447,CAM-9,Gate 4,31.500316,74.350522,0.916,3
2026-07-17T17:47:00Z,LEA-447,CAM-7,Gate 4,31.502704,74.352077,0.947,4
2026-07-17T17:58:00Z,XYZ-789,CAM-7,DHA Phase 5,31.46802,74.408534,0.847,4
2026-07-14T21:18:00Z,ABC-123,CAM-7,North Road,31.558688,74.327041,0.85,4
2026-07-17T03:00:00Z,ABC-123,CAM-7,North Road,31.560054,74.327401,0.954,4
2026-07-16T11:47:00Z,ICT-404,CAM-12,North Road,31.560533,74.329125,0.902,2
2026-07-15T05:06:00Z,KHI-777,CAM-7,Gulberg,31.521011,74.357587,0.869,3
2026-07-17T11:10:00Z,LEA-447,CAM-21,North Road,31.559996,74.32908,0.791,4
2026-07-17T03:36:00Z,LEA-447,CAM-12,North Road,31.56108,74.326426,0.861,4
2026-07-15T20:45:00Z,LHR-2026,CAM-12,Model Town,31.482634,74.322201,0.821,1
2026-07-14T21:32:00Z,ABC-123,CAM-21,Gulberg,31.519414,74.358497,0.838,4
2026-07-15T20:55:00Z,ABC-123,CAM-7,North Road,31.56093,74.325985,0.76,2
2026-07-16T04:48:00Z,LHR-2026,CAM-21,Model Town,31.484052,74.322082,0.928,2
2026-07-15T21:05:00Z,ABC-123,CAM-21,DHA Phase 5,31.467994,74.410792,0.873,4
2026-07-16T20:40:00Z,ABC-123,CAM-9,Model Town,31.482879,74.322308,0.896,1
2026-07-16T12:57:00Z,ABC-123,CAM-9,Model Town,31.48177,74.32375,0.882,3
2026-07-17T20:32:00Z,XYZ-789,CAM-12,Model Town,31.482067,74.32183,0.77,2
2026-07-17T04:57:00Z,LHR-2026,CAM-9,Gate 4,31.500095,74.352083,0.912,4
2026-07-17T05:06:00Z,LEA-447,CAM-7,Gulberg,31.519155,74.360237,0.965,1
2026-07-16T21:20:00Z,KHI-777,CAM-9,Gulberg,31.519407,74.358658,0.775,4
2026-07-15T21:40:00Z,ABC-123,CAM-21,Gulberg,31.518807,74.357123,0.952,3
2026-07-17T21:27:00Z,XYZ-789,CAM-12,Gate 4,31.502499,74.352912,0.924,1
2026-07-16T13:46:00Z,ABC-123,CAM-21,Model Town,31.484246,74.320981,0.882,3
2026-07-17T13:50:00Z,ABC-123,CAM-9,Gulberg,31.519148,74.357503,0.887,3
2026-07-17T06:00:00Z,ABC-123,CAM-9,DHA Phase 5,31.468766,74.408848,0.797,2
2026-07-16T22:08:00Z,ABC-123,CAM-21,Gate 4,31.500174,74.349482,0.944,1
2026-07-17T22:22:00Z,ABC-123,CAM-21,Model Town,31.481938,74.321157,0.945,1
2026-07-16T22:24:00Z,ABC-123,CAM-12,Gate 4,31.502483,74.352905,0.763,3
2026-07-17T06:36:00Z,XYZ-789,CAM-9,North Road,31.559195,74.328425,0.828,3
2026-07-14T22:10:00Z,ABC-123,CAM-12,Gate 4,31.500274,74.352241,0.887,4
2026-07-16T14:42:00Z,XYZ-789,CAM-21,DHA Phase 5,31.468315,74.408383,0.905,3
2026-07-15T14:28:00Z,KHI-777,CAM-21,Model Town,31.483171,74.324454,0.778,3
2026-07-16T06:48:00Z,KHI-777,CAM-7,North Road,31.560061,74.325529,0.901,2
2026-07-14T22:18:00Z,ABC-123,CAM-12,Gate 4,31.501039,74.351076,0.864,1
2026-07-15T14:40:00Z,ICT-404,CAM-7,DHA Phase 5,31.467963,74.407805,0.946,1
2026-07-17T07:39:00Z,LHR-2026,CAM-12,Model Town,31.48196,74.322682,0.919,4
2026-07-14T22:24:00Z,ABC-123,CAM-7,Gate 4,31.500681,74.349217,0.899,1
2026-07-16T23:44:00Z,ICT-404,CAM-12,Gate 4,31.50134,74.350511,0.943,4
2026-07-14T22:28:00Z,ABC-123,CAM-12,North Road,31.559198,74.326634,0.917,2
2026-07-15T06:45:00Z,KHI-777,CAM-9,North Road,31.557603,74.326044,0.842,1
2026-07-15T06:48:00Z,XYZ-789,CAM-7,DHA Phase 5,31.467749,74.408581,0.822,4
2026-07-15T23:25:00Z,XYZ-789,CAM-21,Gate 4,31.501113,74.34939,0.912,1
2026-07-16T07:48:00Z,LEA-447,CAM-9,Gulberg,31.518447,74.358309,0.853,2
2026-07-15T23:35:00Z,ICT-404,CAM-21,Model Town,31.481606,74.32479,0.816,4
2026-07-16T16:20:00Z,KHI-777,CAM-21,Gulberg,31.520811,74.359616,0.759,1
2026-07-16T08:06:00Z,LEA-447,CAM-12,Model Town,31.484628,74.324814,0.865,4
2026-07-15T07:06:00Z,ABC-123,CAM-21,Gate 4,31.499498,74.350685,0.85,3
2026-07-14T22:46:00Z,LHR-2026,CAM-7,Model Town,31.48485,74.321334,0.979,2
2026-07-16T08:24:00Z,ABC-123,CAM-12,Model Town,31.482658,74.322766,0.917,2
2026-07-14T22:50:00Z,ICT-404,CAM-21,North Road,31.560487,74.32876,0.802,1
2026-07-18T02:46:00Z,LHR-2026,CAM-9,North Road,31.557452,74.326954,0.977,4
2026-07-16T17:09:00Z,ABC-123,CAM-7,DHA Phase 5,31.468804,74.409886,0.775,2
2026-07-17T01:44:00Z,KHI-777,CAM-12,Gate 4,31.499758,74.349496,0.766,4
2026-07-17T18:50:00Z,LHR-2026,CAM-9,Model Town,31.483224,74.323734,0.801,1
2026-07-16T17:30:00Z,ABC-123,CAM-7,DHA Phase 5,31.469356,74.410048,0.754,3
2026-07-16T09:06:00Z,LHR-2026,CAM-12,Gate 4,31.502387,74.351316,0.782,4
2026-07-15T07:36:00Z,ABC-123,CAM-21,Gulberg,31.520296,74.359176,0.974,3
2026-07-16T09:18:00Z,LHR-2026,CAM-21,DHA Phase 5,31.470525,74.408474,0.953,4
2026-07-14T23:08:00Z,XYZ-789,CAM-12,Model Town,31.481223,74.321159,0.833,4
2026-07-17T19:50:00Z,XYZ-789,CAM-12,Gulberg,31.520279,74.357312,0.791,3
2026-07-17T20:00:00Z,KHI-777,CAM-7,Gulberg,31.51864,74.359059,0.751,3
2026-07-16T01:05:00Z,LHR-2026,CAM-9,Gate 4,31.501364,74.352166,0.756,1
2026-07-17T11:42:00Z,LEA-447,CAM-12,Gulberg,31.519795,74.358189,0.984,3
2026-07-16T01:15:00Z,LHR-2026,CAM-7,Gate 4,31.502489,74.349867,0.914,1
2026-07-16T10:00:00Z,ABC-123,CAM-7,Gulberg,31.519731,74.35912,0.805,2
2026-07-16T18:47:00Z,KHI-777,CAM-12,Gulberg,31.521132,74.35821,0.97,1
2026-07-16T18:54:00Z,XYZ-789,CAM-12,DHA Phase 5,31.471587,74.40892,0.753,4
2026-07-17T12:27:00Z,ABC-123,CAM-12,Gulberg,31.518983,74.357656,0.938,2
2026-07-17T03:52:00Z,ICT-404,CAM-12,Model Town,31.482238,74.323898,0.981,1
2026-07-16T10:30:00Z,ABC-123,CAM-9,Gulberg,31.522361,74.358217,0.865,4
2026-07-14T23:32:00Z,KHI-777,CAM-21,Gate 4,31.50302,74.35232,0.921,3
2026-07-17T13:03:00Z,ABC-123,CAM-9,Gate 4,31.502086,74.349917,0.803,4
2026-07-16T10:48:00Z,ICT-404,CAM-7,North Road,31.559878,74.325953,0.876,2
2026-07-18T06:59:00Z,ICT-404,CAM-21,DHA Phase 5,31.467776,74.410652,0.906,2
2026-07-14T23:40:00Z,XYZ-789,CAM-7,Model Town,31.482377,74.324519,0.912,1
2026-07-15T17:24:00Z,KHI-777,CAM-9,Model Town,31.484789,74.321395,0.82,3
2026-07-16T02:20:00Z,ABC-123,CAM-21,DHA Phase 5,31.469714,74.408359,0.811,4
2026-07-15T17:32:00Z,ICT-404,CAM-12,Model Town,31.481795,74.321707,0.849,4
2026-07-16T11:24:00Z,ABC-123,CAM-21,Gulberg,31.522086,74.358192,0.88,1
2026-07-15T08:45:00Z,ABC-123,CAM-21,DHA Phase 5,31.467891,74.411574,0.741,4
2026-07-16T02:40:00Z,ABC-123,CAM-12,DHA Phase 5,31.470935,74.410085,0.972,3
2026-07-17T14:33:00Z,ICT-404,CAM-21,Gate 4,31.499394,74.350876,0.958,4
2026-07-17T05:44:00Z,LEA-447,CAM-9,Gulberg,31.520204,74.359234,0.892,1
2026-07-17T14:51:00Z,KHI-777,CAM-9,Model Town,31.48343,74.323278,0.831,3
2026-07-18T00:00:00Z,XYZ-789,CAM-9,Model Town,31.482238,74.321109,0.946,3
2026-07-17T06:08:00Z,LEA-447,CAM-21,Gate 4,31.50078,74.349779,0.775,2
2026-07-15T09:06:00Z,XYZ-789,CAM-21,North Road,31.558545,74.328128,0.771,1
2026-07-15T18:12:00Z,ICT-404,CAM-12,Gulberg,31.520827,74.358706,0.891,1
2026-07-15T18:16:00Z,ABC-123,CAM-12,DHA Phase 5,31.468745,74.409095,0.808,2
2026-07-18T00:50:00Z,KHI-777,CAM-7,DHA Phase 5,31.469347,74.410813,0.754,3
2026-07-16T21:42:00Z,ABC-123,CAM-21,Gate 4,31.502702,74.349732,0.986,1
2026-07-15T09:21:00Z,ABC-123,CAM-9,Gate 4,31.499802,74.352066,0.823,1
2026-07-15T09:24:00Z,ABC-123,CAM-9,Gulberg,31.520558,74.360327,0.787,2
2026-07-18T01:30:00Z,KHI-777,CAM-12,Model Town,31.485099,74.322636,0.753,1
2026-07-18T01:40:00Z,ABC-123,CAM-7,Gulberg,31.519675,74.360482,0.846,3
2026-07-17T07:28:00Z,XYZ-789,CAM-12,Gate 4,31.500412,74.349546,0.927,2
2026-07-15T18:48:00Z,KHI-777,CAM-7,DHA Phase 5,31.469584,74.409958,0.788,3
2026-07-15T09:39:00Z,LEA-447,CAM-9,Gate 4,31.500382,74.350595,0.896,3
2026-07-18T11:34:00Z,LHR-2026,CAM-21,Gate 4,31.501762,74.349383,0.863,3
2026-07-15T09:45:00Z,ICT-404,CAM-9,DHA Phase 5,31.47128,74.410063,0.81,4
2026-07-16T13:36:00Z,ABC-123,CAM-12,Gulberg,31.518507,74.359504,0.804,1
2026-07-15T19:08:00Z,ICT-404,CAM-7,North Road,31.560715,74.328085,0.919,2
2026-07-15T00:36:00Z,LHR-2026,CAM-9,North Road,31.558688,74.327178,0.929,3
2026-07-16T13:54:00Z,KHI-777,CAM-21,DHA Phase 5,31.470325,74.408871,0.852,4
2026-07-17T08:40:00Z,KHI-777,CAM-21,Gulberg,31.5199,74.358389,0.894,3
2026-07-15T19:24:00Z,LHR-2026,CAM-12,Gate 4,31.500328,74.35215,0.965,3
2026-07-15T10:06:00Z,XYZ-789,CAM-7,Model Town,31.481234,74.32413,0.905,4
2026-07-17T09:04:00Z,ICT-404,CAM-12,North Road,31.557217,74.327071,0.932,3
2026-07-15T00:48:00Z,ICT-404,CAM-12,Gulberg,31.522316,74.357153,0.973,1
2026-07-16T14:30:00Z,LEA-447,CAM-21,Model Town,31.483458,74.321547,0.747,3
2026-07-17T09:28:00Z,ICT-404,CAM-21,Gulberg,31.520088,74.360671,0.887,3
2026-07-17T09:36:00Z,ABC-123,CAM-21,Gate 4,31.501132,74.34984,0.95,1
2026-07-18T04:40:00Z,XYZ-789,CAM-9,Gulberg,31.522072,74.360331,0.78,3
2026-07-16T14:54:00Z,LHR-2026,CAM-12,Gate 4,31.502612,74.349599,0.866,4
2026-07-15T10:30:00Z,LHR-2026,CAM-7,Model Town,31.481793,74.321399,0.828,4
2026-07-16T15:06:00Z,ICT-404,CAM-7,Gate 4,31.500086,74.351651,0.828,2
2026-07-15T20:08:00Z,LHR-2026,CAM-7,Gate 4,31.502603,74.352928,0.8,4
2026-07-16T15:18:00Z,XYZ-789,CAM-9,Gate 4,31.500631,74.352894,0.774,4
2026-07-15T20:16:00Z,ABC-123,CAM-9,Gulberg,31.518773,74.359472,0.962,2
2026-07-15T20:20:00Z,LHR-2026,CAM-12,DHA Phase 5,31.469844,74.411692,0.917,3
2026-07-15T20:24:00Z,KHI-777,CAM-12,DHA Phase 5,31.469428,74.409712,0.948,1
2026-07-16T15:42:00Z,LEA-447,CAM-7,North Road,31.560132,74.327825,0.78,2
2026-07-18T15:58:00Z,KHI-777,CAM-21,North Road,31.558631,74.325626,0.8,3
2026-07-16T15:54:00Z,KHI-777,CAM-21,North Road,31.559598,74.326684,0.902,4
2026-07-17T11:20:00Z,ABC-123,CAM-21,Gate 4,31.501335,74.351541,0.925,1
2026-07-17T21:09:00Z,ICT-404,CAM-7,North Road,31.56083,74.328005,0.795,3
2026-07-18T16:42:00Z,ICT-404,CAM-9,DHA Phase 5,31.469418,74.411015,0.939,3
2026-07-18T16:53:00Z,LEA-447,CAM-12,Model Town,31.482028,74.324552,0.97,4
2026-07-15T20:56:00Z,LHR-2026,CAM-21,Model Town,31.483529,74.324473,0.859,1
2026-07-16T06:45:00Z,KHI-777,CAM-21,Model Town,31.481306,74.324224,0.987,1
2026-07-17T21:54:00Z,ABC-123,CAM-21,DHA Phase 5,31.4704,74.410371,0.748,1
2026-07-15T01:34:00Z,XYZ-789,CAM-9,North Road,31.559733,74.326248,0.865,2
2026-07-18T08:00:00Z,XYZ-789,CAM-21,Model Town,31.483486,74.321378,0.853,3
2026-07-18T08:10:00Z,ABC-123,CAM-9,Model Town,31.484565,74.32405,0.881,3
2026-07-17T02:50:00Z,XYZ-789,CAM-9,Gate 4,31.499462,74.352054,0.838,3
2026-07-16T07:15:00Z,LHR-2026,CAM-9,Gulberg,31.518648,74.358154,0.924,4
2026-07-18T08:40:00Z,LEA-447,CAM-9,Gate 4,31.500302,74.349323,0.764,4
2026-07-16T07:25:00Z,LEA-447,CAM-12,DHA Phase 5,31.4693,74.410912,0.861,4
2026-07-16T17:24:00Z,XYZ-789,CAM-7,Gulberg,31.520219,74.359338,0.954,3
2026-07-15T21:40:00Z,XYZ-789,CAM-12,Gulberg,31.520369,74.358941,0.833,1
2026-07-15T21:44:00Z,ABC-123,CAM-12,Gate 4,31.502313,74.352133,0.96,3
2026-07-15T21:48:00Z,LHR-2026,CAM-21,North Road,31.557404,74.326298,0.94,2
2026-07-16T07:50:00Z,ABC-123,CAM-9,DHA Phase 5,31.470163,74.409279,0.784,1
2026-07-15T11:57:00Z,ICT-404,CAM-12,North Road,31.55826,74.326174,0.852,2
2026-07-18T10:00:00Z,ICT-404,CAM-7,Model Town,31.484262,74.324833,0.966,4
2026-07-18T00:09:00Z,ABC-123,CAM-9,North Road,31.557441,74.328926,0.824,1
2026-07-16T08:10:00Z,ICT-404,CAM-9,DHA Phase 5,31.470043,74.408076,0.762,2
2026-07-17T14:24:00Z,ABC-123,CAM-12,DHA Phase 5,31.471626,74.408537,0.851,3
2026-07-17T14:32:00Z,XYZ-789,CAM-21,Gulberg,31.521706,74.35677,0.775,1
2026-07-16T18:30:00Z,ABC-123,CAM-7,Model Town,31.484766,74.323176,0.88,2
2026-07-17T04:42:00Z,ICT-404,CAM-7,North Road,31.559275,74.327438,0.929,4
2026-07-15T22:28:00Z,ABC-123,CAM-7,DHA Phase 5,31.471043,74.408582,0.766,4
2026-07-18T11:20:00Z,XYZ-789,CAM-9,Gulberg,31.521161,74.35839,0.917,1
2026-07-18T21:39:00Z,XYZ-789,CAM-9,North Road,31.558124,74.325566,0.886,2
2026-07-15T02:20:00Z,XYZ-789,CAM-9,Gate 4,31.499636,74.351106,0.82,4
2026-07-18T11:50:00Z,ICT-404,CAM-9,North Road,31.559498,74.325838,0.858,1
2026-07-17T15:36:00Z,ABC-123,CAM-21,Gulberg,31.520394,74.360084,0.791,4
2026-07-17T15:44:00Z,ABC-123,CAM-7,DHA Phase 5,31.471381,74.407879,0.981,2
2026-07-18T22:34:00Z,KHI-777,CAM-9,Model Town,31.481655,74.324161,0.965,4
2026-07-16T19:30:00Z,KHI-777,CAM-9,DHA Phase 5,31.471457,74.411241,0.897,3
2026-07-17T05:52:00Z,ABC-123,CAM-9,Gate 4,31.499992,74.351308,0.773,3
2026-07-17T05:59:00Z,KHI-777,CAM-12,DHA Phase 5,31.468419,74.408939,0.76,4
2026-07-15T02:36:00Z,KHI-777,CAM-12,Gate 4,31.500042,74.351078,0.922,2
2026-07-16T09:35:00Z,KHI-777,CAM-21,DHA Phase 5,31.467702,74.407936,0.873,1
2026-07-18T03:00:00Z,KHI-777,CAM-21,DHA Phase 5,31.470932,74.408375,0.787,2
2026-07-15T23:24:00Z,KHI-777,CAM-7,DHA Phase 5,31.468282,74.409748,0.944,1
2026-07-19T00:02:00Z,KHI-777,CAM-9,Model Town,31.483052,74.320907,0.782,1
2026-07-18T13:50:00Z,LHR-2026,CAM-12,DHA Phase 5,31.470027,74.409631,0.9,3
2026-07-16T10:00:00Z,ABC-123,CAM-9,DHA Phase 5,31.470762,74.40974,0.791,2
2026-07-16T10:05:00Z,XYZ-789,CAM-21,North Road,31.55947,74.328848,0.823,1
2026-07-16T20:36:00Z,XYZ-789,CAM-12,North Road,31.557605,74.328711,0.859,1
2026-07-18T04:03:00Z,ABC-123,CAM-21,Gate 4,31.500015,74.350005,0.875,1
2026-07-16T10:20:00Z,LHR-2026,CAM-12,DHA Phase 5,31.468015,74.409658,0.955,1
2026-07-15T23:56:00Z,LEA-447,CAM-12,DHA Phase 5,31.471372,74.408177,0.814,3
2026-07-17T07:30:00Z,ABC-123,CAM-9,North Road,31.55853,74.326334,0.869,1
2026-07-19T01:41:00Z,ICT-404,CAM-12,North Road,31.559862,74.325887,0.903,2
2026-07-16T21:12:00Z,LHR-2026,CAM-9,Gulberg,31.521264,74.357056,0.792,3
2026-07-18T04:57:00Z,XYZ-789,CAM-12,DHA Phase 5,31.468171,74.41115,0.871,2
2026-07-15T13:42:00Z,XYZ-789,CAM-21,North Road,31.559952,74.326428,0.878,3
2026-07-16T21:30:00Z,LEA-447,CAM-21,Model Town,31.482375,74.32466,0.955,2
2026-07-16T00:24:00Z,ICT-404,CAM-9,Model Town,31.483042,74.322622,0.952,2
2026-07-19T02:47:00Z,ICT-404,CAM-21,Gate 4,31.502404,74.352791,0.783,4
2026-07-19T02:58:00Z,ABC-123,CAM-9,North Road,31.559316,74.326634,0.8,2
2026-07-17T19:12:00Z,XYZ-789,CAM-12,Gulberg,31.518865,74.359154,0.809,2
2026-07-16T00:40:00Z,ABC-123,CAM-12,Model Town,31.484183,74.321936,0.943,3
2026-07-15T03:22:00Z,ABC-123,CAM-12,North Road,31.557966,74.327399,0.822,2
2026-07-18T06:18:00Z,KHI-777,CAM-7,Gulberg,31.522119,74.360239,0.773,1
2026-07-17T19:44:00Z,XYZ-789,CAM-7,Model Town,31.481206,74.324113,0.97,3
2026-07-17T19:52:00Z,LEA-447,CAM-9,Model Town,31.482278,74.323389,0.933,3
2026-07-18T06:45:00Z,ABC-123,CAM-7,Gate 4,31.501941,74.353027,0.747,2
2026-07-16T11:50:00Z,ICT-404,CAM-12,North Road,31.558545,74.325744,0.974,1
2026-07-17T09:29:00Z,LHR-2026,CAM-9,Gulberg,31.518528,74.360056,0.951,4
2026-07-16T12:00:00Z,LEA-447,CAM-12,Gate 4,31.500788,74.35316,0.921,3
2026-07-18T07:21:00Z,LEA-447,CAM-12,Gate 4,31.502441,74.351951,0.929,1
2026-07-16T01:20:00Z,LEA-447,CAM-21,North Road,31.558929,74.326785,0.88,4
2026-07-16T01:24:00Z,XYZ-789,CAM-12,Gate 4,31.502187,74.350252,0.89,3
2026-07-17T10:04:00Z,ICT-404,CAM-12,DHA Phase 5,31.471089,74.409544,0.816,2
2026-07-15T03:46:00Z,ABC-123,CAM-7,Model Town,31.483153,74.324587,0.918,3
2026-07-17T21:12:00Z,ABC-123,CAM-12,DHA Phase 5,31.469705,74.410512,0.82,3
2026-07-17T10:25:00Z,KHI-777,CAM-21,DHA Phase 5,31.470559,74.409341,0.749,3
2026-07-16T12:40:00Z,ABC-123,CAM-7,North Road,31.557512,74.32733,0.932,1
2026-07-18T08:33:00Z,XYZ-789,CAM-21,Gulberg,31.519735,74.35867,0.94,1
2026-07-18T19:40:00Z,KHI-777,CAM-9,Gulberg,31.519304,74.358965,0.81,4
2026-07-17T10:53:00Z,LHR-2026,CAM-12,North Road,31.559958,74.32588,0.912,3
2026-07-16T02:00:00Z,XYZ-789,CAM-9,North Road,31.558844,74.325727,0.769,4
2026-07-19T07:11:00Z,ABC-123,CAM-9,Model Town,31.484103,74.32367,0.951,2
2026-07-19T07:22:00Z,LHR-2026,CAM-21,North Road,31.55848,74.325859,0.83,2
2026-07-17T22:24:00Z,LEA-447,CAM-7,Gate 4,31.499246,74.352871,0.95,4
2026-07-16T02:16:00Z,LEA-447,CAM-21,DHA Phase 5,31.46911,74.411359,0.802,2
2026-07-17T22:40:00Z,XYZ-789,CAM-12,Gulberg,31.518663,74.358975,0.778,1
2026-07-18T21:00:00Z,LEA-447,CAM-7,Gulberg,31.518597,74.358659,0.803,1
2026-07-19T08:17:00Z,ABC-123,CAM-21,Gate 4,31.499946,74.352967,0.815,4
2026-07-15T04:16:00Z,ICT-404,CAM-21,Gate 4,31.499983,74.352862,0.87,2
2026-07-16T13:45:00Z,LEA-447,CAM-9,Gulberg,31.520002,74.360392,0.945,4
2026-07-18T10:30:00Z,ICT-404,CAM-9,North Road,31.55863,74.325733,0.879,2
2026-07-16T13:55:00Z,KHI-777,CAM-7,North Road,31.560911,74.32652,0.83,2
2026-07-16T02:48:00Z,ABC-123,CAM-12,Gate 4,31.501499,74.350832,0.777,2
2026-07-18T22:10:00Z,ICT-404,CAM-21,DHA Phase 5,31.471181,74.409634,0.903,2
2026-07-15T04:28:00Z,ICT-404,CAM-21,Model Town,31.484909,74.323299,0.769,2
2026-07-16T14:15:00Z,ICT-404,CAM-7,Model Town,31.484287,74.324648,0.943,1
2026-07-17T01:36:00Z,ABC-123,CAM-9,Gate 4,31.499663,74.35279,0.872,4
2026-07-15T04:34:00Z,ABC-123,CAM-7,North Road,31.558994,74.326298,0.876,2
2026-07-16T03:12:00Z,ABC-123,CAM-21,Gulberg,31.52189,74.357478,0.871,3
2026-07-19T10:29:00Z,ABC-123,CAM-9,Model Town,31.484176,74.321541,0.773,3
2026-07-16T14:40:00Z,ICT-404,CAM-12,Gulberg,31.519836,74.357905,0.846,4
2026-07-17T13:27:00Z,ABC-123,CAM-7,DHA Phase 5,31.468228,74.408287,0.87,3
2026-07-15T16:06:00Z,ABC-123,CAM-21,Gate 4,31.502049,74.350553,0.945,4
2026-07-18T23:50:00Z,KHI-777,CAM-7,Gate 4,31.499462,74.350312,0.87,3
2026-07-18T01:12:00Z,KHI-777,CAM-9,Model Town,31.481856,74.322263,0.776,2
2026-07-16T03:40:00Z,XYZ-789,CAM-7,North Road,31.55925,74.327315,0.76,3
2026-07-16T03:44:00Z,LEA-447,CAM-21,Gate 4,31.500945,74.351171,0.746,4
2026-07-15T16:21:00Z,XYZ-789,CAM-9,Gulberg,31.521949,74.359855,0.87,3
2026-07-19T12:08:00Z,LEA-447,CAM-9,North Road,31.557656,74.329251,0.857,3
2026-07-15T16:27:00Z,XYZ-789,CAM-21,Gulberg,31.519845,74.357552,0.93,4
2026-07-18T02:00:00Z,LEA-447,CAM-12,North Road,31.557561,74.326456,0.825,4
2026-07-17T03:06:00Z,LEA-447,CAM-7,Model Town,31.484029,74.322384,0.784,4
2026-07-16T04:08:00Z,XYZ-789,CAM-7,Gate 4,31.502678,74.352772,0.957,1
2026-07-19T13:03:00Z,ABC-123,CAM-7,Model Town,31.484087,74.321159,0.864,4
2026-07-15T05:08:00Z,ICT-404,CAM-9,Model Town,31.484933,74.321524,0.798,1
2026-07-15T16:45:00Z,LHR-2026,CAM-7,Model Town,31.483105,74.322009,0.86,4
2026-07-18T14:24:00Z,ABC-123,CAM-7,North Road,31.559121,74.327356,0.855,4
2026-07-15T05:14:00Z,ABC-123,CAM-12,North Road,31.55945,74.326221,0.949,4
2026-07-15T05:16:00Z,ICT-404,CAM-7,North Road,31.558179,74.329066,0.844,1
2026-07-16T04:36:00Z,KHI-777,CAM-21,Model Town,31.483497,74.321288,0.946,3
2026-07-16T04:40:00Z,XYZ-789,CAM-21,North Road,31.560471,74.329078,0.847,4
2026-07-16T04:44:00Z,XYZ-789,CAM-12,Gate 4,31.500453,74.35151,0.895,2
2026-07-15T05:24:00Z,ABC-123,CAM-9,Model Town,31.483467,74.324856,0.905,4
2026-07-17T04:18:00Z,LEA-447,CAM-9,DHA Phase 5,31.468512,74.407775,0.938,2
2026-07-18T03:52:00Z,LEA-447,CAM-21,DHA Phase 5,31.468442,74.411183,0.746,2
2026-07-19T03:30:00Z,XYZ-789,CAM-21,DHA Phase 5,31.468867,74.407748,0.959,4
2026-07-16T16:50:00Z,LEA-447,CAM-9,Gulberg,31.521055,74.358579,0.791,3
2026-07-19T03:50:00Z,ABC-123,CAM-7,DHA Phase 5,31.468737,74.408281,0.771,2
2026-07-18T04:24:00Z,LEA-447,CAM-12,Gate 4,31.50306,74.349669,0.97,4
2026-07-15T05:38:00Z,ICT-404,CAM-21,Model Town,31.482051,74.323797,0.953,1
2026-07-17T16:50:00Z,ABC-123,CAM-12,North Road,31.560202,74.3258,0.76,1
2026-07-16T17:15:00Z,LEA-447,CAM-9,North Road,31.558185,74.327507,0.827,2
2026-07-16T05:28:00Z,KHI-777,CAM-12,Gate 4,31.500894,74.352551,0.945,3
2026-07-15T17:39:00Z,ABC-123,CAM-21,Gulberg,31.521267,74.35928,0.864,2
2026-07-16T05:36:00Z,XYZ-789,CAM-7,DHA Phase 5,31.468057,74.410541,0.768,2
2026-07-19T05:10:00Z,LEA-447,CAM-21,North Road,31.560059,74.32827,0.797,4
2026-07-15T05:52:00Z,LHR-2026,CAM-7,DHA Phase 5,31.469616,74.408531,0.816,4
2026-07-19T05:30:00Z,LHR-2026,CAM-21,Model Town,31.481739,74.322067,0.885,2
2026-07-16T17:50:00Z,LEA-447,CAM-9,Gate 4,31.500578,74.353105,0.982,3
2026-07-18T05:52:00Z,ICT-404,CAM-9,Gulberg,31.51918,74.359828,0.884,4
2026-07-17T06:00:00Z,KHI-777,CAM-9,Gulberg,31.520742,74.360045,0.937,2
2026-07-17T06:06:00Z,XYZ-789,CAM-9,Model Town,31.481692,74.323529,0.77,3
2026-07-17T06:12:00Z,LHR-2026,CAM-12,Gate 4,31.501335,74.349602,0.763,2
2026-07-15T18:09:00Z,LHR-2026,CAM-7,Gate 4,31.500377,74.352118,0.818,4
2026-07-18T06:32:00Z,ICT-404,CAM-21,DHA Phase 5,31.470944,74.408377,0.92,1
2026-07-17T06:30:00Z,KHI-777,CAM-12,Gate 4,31.502107,74.352869,0.904,1
2026-07-17T06:36:00Z,ABC-123,CAM-7,North Road,31.56087,74.325664,0.791,3
2026-07-16T18:35:00Z,LEA-447,CAM-12,North Road,31.557597,74.32666,0.932,1
2026-07-19T07:20:00Z,LHR-2026,CAM-12,Gulberg,31.518736,74.35733,0.881,1
2026-07-16T06:36:00Z,ABC-123,CAM-12,Model Town,31.483428,74.321564,0.968,4
2026-07-18T19:30:00Z,LEA-447,CAM-21,Model Town,31.482611,74.323226,0.845,2
2026-07-16T06:44:00Z,LEA-447,CAM-12,North Road,31.55988,74.326667,0.961,1
2026-07-15T18:36:00Z,ABC-123,CAM-12,DHA Phase 5,31.471413,74.411194,0.771,2
2026-07-18T19:57:00Z,LHR-2026,CAM-21,Gate 4,31.500983,74.350384,0.945,2
2026-07-15T06:28:00Z,LHR-2026,CAM-21,Gulberg,31.521435,74.357357,0.85,4
2026-07-19T08:30:00Z,XYZ-789,CAM-12,Gate 4,31.501328,74.350757,0.853,1
2026-07-17T07:36:00Z,ICT-404,CAM-21,DHA Phase 5,31.469504,74.409432,0.963,2
2026-07-18T08:16:00Z,LEA-447,CAM-21,Model Town,31.482575,74.32273,0.96,4
2026-07-16T19:30:00Z,KHI-777,CAM-21,Gulberg,31.519364,74.357956,0.951,1
2026-07-16T19:35:00Z,LEA-447,CAM-21,Gate 4,31.501052,74.349274,0.751,4
2026-07-17T20:20:00Z,LHR-2026,CAM-7,North Road,31.558934,74.326716,0.857,2
2026-07-17T08:06:00Z,XYZ-789,CAM-12,North Road,31.558852,74.32717,0.885,4
2026-07-17T08:12:00Z,KHI-777,CAM-7,Gate 4,31.500322,74.351261,0.967,4
2026-07-15T06:46:00Z,ABC-123,CAM-12,DHA Phase 5,31.469175,74.409934,0.793,1
2026-07-16T07:36:00Z,LHR-2026,CAM-7,Gate 4,31.501621,74.349641,0.854,2
2026-07-18T09:20:00Z,KHI-777,CAM-12,Gulberg,31.521553,74.359209,0.919,1
2026-07-18T21:54:00Z,KHI-777,CAM-9,Model Town,31.482649,74.320932,0.751,3
2026-07-15T06:54:00Z,KHI-777,CAM-7,Gate 4,31.502309,74.35198,0.763,4
2026-07-15T06:56:00Z,ABC-123,CAM-21,North Road,31.560227,74.328833,0.841,3
2026-07-16T07:56:00Z,KHI-777,CAM-12,Gate 4,31.499977,74.350108,0.865,1
